,townships,sr,First_ts,First_sr,Township_Name_Eng,Tsp_Pcode,SR_Pcode,SR_Name_Eng,Township_Name_MMR
0,Mingaladon Township,Yangon Region,Mingaladon,Yangon,Mingaladon,MMR013002,MMR013,Yangon,မင်္ဂလာဒုံ
1,North Okkalapa Township,Yangon Region,North Okkalapa,Yangon,North Okkalapa,MMR013012,MMR013,Yangon,မြောက်ဥက္ကလာပ
2,Hlaingtharya Township,Yangon Region,Hlaingtharya,Yangon,Hlaingtharya,MMR013008,MMR013,Yangon,လှိုင်သာယာ
3,Insein Township,Yangon Region,Insein,Yangon,Insein,MMR013001,MMR013,Yangon,အင်းစိန်
4,Thingangyun Township,Yangon Region,Thingangyun,Yangon,Thingangyun,MMR013009,MMR013,Yangon,သင်္ဃန်းကျွန်း
5,Mayangone Township,Yangon Region,Mayangone,Yangon,Mayangone,MMR013042,MMR013,Yangon,မရမ်းကုန်း
6,Shwepyithar Township,Yangon Region,Shwepyithar,Yangon,Shwepyithar,MMR013007,MMR013,Yangon,ရွှေပြည်သာ
7,Dagon Myothit (South) Township,Yangon Region,Dagon Myothit (South),Yangon,Dagon Myothit (South),MMR013018,MMR013,Yangon,ဒဂုံမြို့သစ် (တောင်ပိုင်း)
8,Tamwe Township,Yangon Region,Tamwe,Yangon,Tamwe,MMR013015,MMR013,Yangon,တာမွေ
9,South Okkalapa Township,Yangon Region,South Okkalapa,Yangon,South Okkalapa,MMR013011,MMR013,Yangon,တောင်ဥက္ကလာပ
10,Hlaing Township,Yangon Region,Hlaing,Yangon,Hlaing,MMR013040,MMR013,Yangon,လှိုင်
11,Thanlyin Township,Yangon Region,Thanlyin,Yangon,Thanlyin,MMR013023,MMR013,Yangon,သန်လျင်
12,Chanayethazan Township,Mandalay Region,Chanayethazan,Mandalay,Chanayethazan,MMR010002,MMR010,Mandalay,ချမ်းအေးသာစံ
13,Aungmyaythazan Township,Mandalay Region,Aungmyaythazan,Mandalay,Aungmyaythazan,MMR010001,MMR010,Mandalay,အောင်မြေသာစံ
14,Kamaryut Township,Yangon Region,Kamaryut,Yangon,Kamaryut,MMR013041,MMR013,Yangon,ကမာရွတ်
15,Mahaaungmyay Township,Mandalay Region,Mahaaungmyay,Mandalay,Mahaaungmyay,MMR010003,MMR010,Mandalay,မဟာအောင်မြေ
16,Thaketa Township,Yangon Region,Thaketa,Yangon,Thaketa,MMR013013,MMR013,Yangon,သာကေတ
17,Dagon Myothit (North) Township,Yangon Region,Dagon Myothit (North),Yangon,Dagon Myothit (North),MMR013019,MMR013,Yangon,ဒဂုံမြို့သစ် (မြောက်ပိုင်း)
18,Hmawbi Township,Yangon Region,Hmawbi,Yangon,Hmawbi,MMR013003,MMR013,Yangon,မှော်ဘီ
19,Dagon Myothit (East) Township,Yangon Region,Dagon Myothit (East),Yangon,Dagon Myothit (East),MMR013020,MMR013,Yangon,ဒဂုံမြို့သစ် (အရှေ့ပိုင်း)
20,Kyeemyindaing Township,Yangon Region,Kyeemyindaing,Yangon,Kyeemyindaing,MMR013038,MMR013,Yangon,ကြည့်မြင်တိုင်
21,Sanchaung Township,Yangon Region,Sanchaung,Yangon,Sanchaung,MMR013039,MMR013,Yangon,စမ်းချောင်း
22,Chanmyathazi Township,Mandalay Region,Chanmyathazi,Mandalay,Chanmyathazi,MMR010004,MMR010,Mandalay,ချမ်းမြသာစည်
23,Mingalartaungnyunt Township,Yangon Region,Mingalartaungnyunt,Yangon,Mingalartaungnyunt,MMR013022,MMR013,Yangon,မင်္ဂလာတောင်ညွန့်
24,Amarapura Township,Mandalay Region,Amarapura,Mandalay,Amarapura,MMR010006,MMR010,Mandalay,အမရပူရ
25,Bahan Township,Yangon Region,Bahan,Yangon,Bahan,MMR013044,MMR013,Yangon,ဗဟန်း
26,Sittwe Township,Rakhine State,Sittwe,Rakhine,Sittwe,MMR012001,MMR012,Rakhine,စစ်တွေ
27,Mawlamyine Township,Mon State,Mawlamyine,Mon,Mawlamyine,MMR011001,MMR011,Mon,မော်လမြိုင်
28,Dala Township,Yangon Region,Dala,Yangon,Dala,MMR013030,MMR013,Yangon,ဒလ
29,Yankin Township,Yangon Region,Yankin,Yangon,Yankin,MMR013010,MMR013,Yangon,ရန်ကင်း
30,Lanmadaw Township,Yangon Region,Lanmadaw,Yangon,Lanmadaw,MMR013035,MMR013,Yangon,လမ်းမတော်
31,Dagon Myothit (Seikkan),Yangon Region,Dagon Myothit (Seikkan),Yangon,Dagon Myothit (Seikkan),MMR013021,MMR013,Yangon,ဒဂုံမြို့သစ် (ဆိပ်ကမ်း)
32,Botahtaung Township,Yangon Region,Botahtaung,Yangon,Botahtaung,MMR013017,MMR013,Yangon,ဗိုလ်တထောင်
33,Hlegu Township,Yangon Region,Hlegu,Yangon,Hlegu,MMR013004,MMR013,Yangon,လှည်းကူး
34,Dawbon Township,Yangon Region,Dawbon,Yangon,Dawbon,MMR013014,MMR013,Yangon,ဒေါပုံ
35,Ahlone Township,Yangon Region,Ahlone,Yangon,Ahlone,MMR013037,MMR013,Yangon,အလုံ
36,Pyigyitagon Township,Mandalay Region,Pyigyitagon,Mandalay,Pyigyitagon,MMR010005,MMR010,Mandalay,ပြည်ကြီးတံခွန်
37,Kyauktan Township,Yangon Region,Kyauktan,Yangon,Kyauktan,MMR013024,MMR013,Yangon,ကျောက်တန်း
38,Twantay Township,Yangon Region,Twantay,Yangon,Twantay,MMR013027,MMR013,Yangon,တွံတေး
39,Pabedan Township,Yangon Region,Pabedan,Yangon,Pabedan,MMR013034,MMR013,Yangon,ပန်းဘဲတန်း
40,Pazundaung Township,Yangon Region,Pazundaung,Yangon,Pazundaung,MMR013016,MMR013,Yangon,ပုဇွန်တောင်
41,Latha Township,Yangon Region,Latha,Yangon,Latha,MMR013036,MMR013,Yangon,လသာ
42,Pathein Township,Ayeyarwady Region,Pathein,Ayeyarwady,Pathein,MMR017001,MMR017,Ayeyarwady,ပုသိမ်
43,Hinthada Township,Ayeyarwady Region,Hinthada,Ayeyarwady,Hinthada,MMR017008,MMR017,Ayeyarwady,ဟင်္သာတ
44,Dagon Township,Yangon Region,Dagon,Yangon,Dagon,MMR013043,MMR013,Yangon,ဒဂုံ
45,Patheingyi Township,Mandalay Region,Patheingyi,Mandalay,Patheingyi,MMR010007,MMR010,Mandalay,ပုသိမ်ကြီး
46,Taikkyi Township,Yangon Region,Taikkyi,Yangon,Taikkyi,MMR013005,MMR013,Yangon,တိုက်ကြီး
47,Kyauktada Township,Yangon Region,Kyauktada,Yangon,Kyauktada,MMR013033,MMR013,Yangon,ကျောက်တံတား
48,Htantabin Township,Yangon Region,Htantabin,Yangon,Htantabin,MMR013006,MMR013,Yangon,ထန်းတပင်
49,Aunglan Township,Magway Region,Aunglan,Magway,Aunglan,MMR009016,MMR009,Magway,အောင်လံ
50,Hpa-An Township,Kayin State,Hpa-An,Kayin,Hpa-An,MMR003001,MMR003,Kayin,ဘားအံ
51,Sagaing Township,Sagaing Region,Sagaing,Sagaing,Sagaing,MMR005001,MMR005,Sagaing,စစ်ကိုင်း
52,Maubin Township,Ayeyarwady Region,Maubin,Ayeyarwady,Maubin,MMR017019,MMR017,Ayeyarwady,မအူပင်
53,Mawlamyinegyun Township,Ayeyarwady Region,Mawlamyinegyun,Ayeyarwady,Mawlamyinegyun,MMR017018,MMR017,Ayeyarwady,မော်လမြိုင်ကျွန်း
54,Zay Yar Thi Ri Township,Naypyitaw,Zay Yar Thi Ri,Nay Pyi Taw,Zay Yar Thi Ri,MMR018001,MMR018,Nay Pyi Taw,ဇေယျာသီရိ
55,Myingyan Township,Mandalay Region,Myingyan,Mandalay,Myingyan,MMR010017,MMR010,Mandalay,မြင်းခြံ
56,Thaton Township,Mon State,Thaton,Mon,Thaton,MMR011007,MMR011,Mon,သထုံ
57,Hpakant Township,Kachin State,Hpakant,Kachin,Hpakant,MMR001009,MMR001,Kachin,ဖားကန့်
58,Kale Township,Sagaing Region,Kale,Sagaing,Kale,MMR005027,MMR005,Sagaing,ကလေး
59,Kyaukpyu Township,Rakhine State,Kyaukpyu,Rakhine,Kyaukpyu,MMR012011,MMR012,Rakhine,ကျောက်ဖြူ
60,Seikgyikanaungto Township,Yangon Region,Seikgyikanaungto,Yangon,Seikgyikanaungto,MMR013031,MMR013,Yangon,ဆိပ်ကြီး/ခနောင်တို
61,Kayan Township,Yangon Region,Kayan,Yangon,Kayan,MMR013026,MMR013,Yangon,ခရမ်း
62,Thongwa Township,Yangon Region,Thongwa,Yangon,Thongwa,MMR013025,MMR013,Yangon,သုံးခွ
63,Dedaye Township,Ayeyarwady Region,Dedaye,Ayeyarwady,Dedaye,MMR017026,MMR017,Ayeyarwady,ဒေးဒရဲ
64,Magway Township,Magway Region,Magway,Magway,Magway,MMR009001,MMR009,Magway,မကွေး
65,Maungdaw Township,Rakhine State,Maungdaw,Rakhine,Maungdaw,MMR012009,MMR012,Rakhine,မောင်တော
66,Myawaddy Township,Kayin State,Myawaddy,Kayin,Myawaddy,MMR003005,MMR003,Kayin,မြဝတီ
67,Kawhmu Township,Yangon Region,Kawhmu,Yangon,Kawhmu,MMR013028,MMR013,Yangon,ကော့မှူး
68,Kyaikto Township,Mon State,Kyaikto,Mon,Kyaikto,MMR011009,MMR011,Mon,ကျိုက်ထို
69,Sintgaing Township,Mandalay Region,Sintgaing,Mandalay,Sintgaing,MMR010014,MMR010,Mandalay,စဉ့်ကိုင်
70,Myeik Township,Tanintharyi Region,Myeik,Tanintharyi,Myeik,MMR006005,MMR006,Tanintharyi,မြိတ်
71,Kungyangon Township,Yangon Region,Kungyangon,Yangon,Kungyangon,MMR013029,MMR013,Yangon,ကွမ်းခြံကုန်း
72,Salin Township,Magway Region,Salin,Magway,Salin,MMR009010,MMR009,Magway,စလင်း
73,Kyonpyaw Township,Ayeyarwady Region,Kyonpyaw,Ayeyarwady,Kyonpyaw,MMR017005,MMR017,Ayeyarwady,ကျုံပျော်
74,Taungtha Township,Mandalay Region,Taungtha,Mandalay,Taungtha,MMR010018,MMR010,Mandalay,တောင်သာ
75,Mrauk-U Township,Rakhine State,Mrauk-U,Rakhine,Mrauk-U,MMR012003,MMR012,Rakhine,မြောက်ဦး
76,Kyauktaw Township,Rakhine State,Kyauktaw,Rakhine,Kyauktaw,MMR012004,MMR012,Rakhine,ကျောက်တော်
77,Bogale Township,Ayeyarwady Region,Bogale,Ayeyarwady,Bogale,MMR017024,MMR017,Ayeyarwady,ဘိုကလေး
78,Kyaiklat Township,Ayeyarwady Region,Kyaiklat,Ayeyarwady,Kyaiklat,MMR017025,MMR017,Ayeyarwady,ကျိုက်လတ်
79,Taungdwingyi Township,Magway Region,Taungdwingyi,Magway,Taungdwingyi,MMR009004,MMR009,Magway,တောင်တွင်းကြီး
80,Labutta Township,Ayeyarwady Region,Labutta,Ayeyarwady,Labutta,MMR017016,MMR017,Ayeyarwady,လပွတ္တာ
81,Nyaungdon Township,Ayeyarwady Region,Nyaungdon,Ayeyarwady,Nyaungdon,MMR017021,MMR017,Ayeyarwady,ညောင်တုန်း
82,Myothit Township,Magway Region,Myothit,Magway,Myothit,MMR009005,MMR009,Magway,မြို့သစ်
83,Taunggyi Township,Shan State (South),Taunggyi,Shan (South),Taunggyi,MMR014001,MMR014,Shan (South),တောင်ကြီး
84,Za Bu Thi Ri Township,Naypyitaw,Za Bu Thi Ri,Nay Pyi Taw,Za Bu Thi Ri,MMR018002,MMR018,Nay Pyi Taw,ဇမ္ဗူသီရိ
85,Minbu Township,Magway Region,Minbu,Magway,Minbu,MMR009007,MMR009,Magway,မင်းဘူး
86,Meiktila Township,Mandalay Region,Meiktila,Mandalay,Meiktila,MMR010028,MMR010,Mandalay,မိတ္ထီလာ
87,Pyapon Township,Ayeyarwady Region,Pyapon,Ayeyarwady,Pyapon,MMR017023,MMR017,Ayeyarwady,ဖျာပုံ
88,Shwebo Township,Sagaing Region,Shwebo,Sagaing,Shwebo,MMR005004,MMR005,Sagaing,ရွှေဘို
89,Kawkareik Township,Kayin State,Kawkareik,Kayin,Kawkareik,MMR003006,MMR003,Kayin,ကော့ကရိတ်
90,Myaungmya Township,Ayeyarwady Region,Myaungmya,Ayeyarwady,Myaungmya,MMR017014,MMR017,Ayeyarwady,မြောင်းမြ
91,Natmauk Township,Magway Region,Natmauk,Magway,Natmauk,MMR009006,MMR009,Magway,နတ်မောက်
92,Buthidaung Township,Rakhine State,Buthidaung,Rakhine,Buthidaung,MMR012010,MMR012,Rakhine,ဘူးသီးတောင်
93,Pyinoolwin Township,Mandalay Region,Pyinoolwin,Mandalay,Pyinoolwin,MMR010008,MMR010,Mandalay,ပြင်ဦးလွင်
94,Monywa Township,Sagaing Region,Monywa,Sagaing,Monywa,MMR005012,MMR005,Sagaing,မုံရွာ
95,Kyaukse Township,Mandalay Region,Kyaukse,Mandalay,Kyaukse,MMR010013,MMR010,Mandalay,ကျောက်ဆည်
96,Toungup Township,Rakhine State,Toungup,Rakhine,Toungup,MMR012016,MMR012,Rakhine,တောင်ကုတ်
97,Ann Township,Rakhine State,Ann,Rakhine,Ann,MMR012014,MMR012,Rakhine,အမ်း
98,Kyaukpadaung Township,Mandalay Region,Kyaukpadaung,Mandalay,Kyaukpadaung,MMR010020,MMR010,Mandalay,ကျောက်ပန်းတောင်း
99,Bilin Township,Mon State,Bilin,Mon,Bilin,MMR011010,MMR011,Mon,ဘီးလင်း
100,Rathedaung Township,Rakhine State,Rathedaung,Rakhine,Rathedaung,MMR012008,MMR012,Rakhine,ရသေ့တောင်
101,Yenangyaung Township,Magway Region,Yenangyaung,Magway,Yenangyaung,MMR009002,MMR009,Magway,ရေနံချောင်း
102,Ingapu Township,Ayeyarwady Region,Ingapu,Ayeyarwady,Ingapu,MMR017013,MMR017,Ayeyarwady,အင်္ဂပူ
103,Chauk Township,Magway Region,Chauk,Magway,Chauk,MMR009003,MMR009,Magway,ချောက်
104,Paung Township,Mon State,Paung,Mon,Paung,MMR011008,MMR011,Mon,ပေါင်
105,Tedim Township,Chin State,Tedim,Chin,Tedim,MMR004004,MMR004,Chin,တီးတိန်
106,Nyaung-U Township,Mandalay Region,Nyaung-U,Mandalay,Nyaung-U,MMR010022,MMR010,Mandalay,ညောင်ဦး
107,Pakokku Township,Magway Region,Pakokku,Magway,Pakokku,MMR009018,MMR009,Magway,ပခုက္ကူ
108,Yegyi Township,Ayeyarwady Region,Yegyi,Ayeyarwady,Yegyi,MMR017006,MMR017,Ayeyarwady,ရေကြည်
109,Pauktaw Township,Rakhine State,Pauktaw,Rakhine,Pauktaw,MMR012007,MMR012,Rakhine,ပေါက်တော
110,Madaya Township,Mandalay Region,Madaya,Mandalay,Madaya,MMR010009,MMR010,Mandalay,မတ္တရာ
111,Thandwe Township,Rakhine State,Thandwe,Rakhine,Thandwe,MMR012015,MMR012,Rakhine,သံတွဲ
112,Thazi Township,Mandalay Region,Thazi,Mandalay,Thazi,MMR010030,MMR010,Mandalay,သာစည်
113,Dawei Township,Tanintharyi Region,Dawei,Tanintharyi,Dawei,MMR006001,MMR006,Tanintharyi,ထားဝယ်
114,Poke Ba Thi Ri Township,Naypyitaw,Poke Ba Thi Ri,Nay Pyi Taw,Poke Ba Thi Ri,MMR018005,MMR018,Nay Pyi Taw,ပုဗ္ဗသီရိ
115,Myitkyina Township,Kachin State,Myitkyina,Kachin,Myitkyina,MMR001001,MMR001,Kachin,မြစ်ကြီးနား
116,Ye Township,Mon State,Ye,Mon,Ye,MMR011006,MMR011,Mon,ရေး
117,Pyawbwe Township,Mandalay Region,Pyawbwe,Mandalay,Pyawbwe,MMR010024,MMR010,Mandalay,ပျော်ဘွယ်
118,Tada-U Township,Mandalay Region,Tada-U,Mandalay,Tada-U,MMR010016,MMR010,Mandalay,တံတားဦး
119,Danubyu Township,Ayeyarwady Region,Danubyu,Ayeyarwady,Danubyu,MMR017022,MMR017,Ayeyarwady,ဓနုဖြူ
120,Tamu Township,Sagaing Region,Tamu,Sagaing,Tamu,MMR005030,MMR005,Sagaing,တမူး
121,Kanbalu Township,Sagaing Region,Kanbalu,Sagaing,Kanbalu,MMR005007,MMR005,Sagaing,ကန့်ဘလူ
122,Ponnagyun Township,Rakhine State,Ponnagyun,Rakhine,Ponnagyun,MMR012002,MMR012,Rakhine,ပုဏ္ဏားကျွန်း
123,Tachileik Township,Shan State (East),Tachileik,Shan (East),Tachileik,MMR016009,MMR016,Shan (East),တာချီလိတ်
124,Myittha Township,Mandalay Region,Myittha,Mandalay,Myittha,MMR010015,MMR010,Mandalay,မြစ်သား
125,Wakema Township,Ayeyarwady Region,Wakema,Ayeyarwady,Wakema,MMR017017,MMR017,Ayeyarwady,ဝါးခယ်မ
126,Lewe Township,Naypyitaw,Lewe,Nay Pyi Taw,Lewe,MMR018007,MMR018,Nay Pyi Taw,လယ်ဝေး
127,Natogyi Township,Mandalay Region,Natogyi,Mandalay,Natogyi,MMR010019,MMR010,Mandalay,နွားထိုးကြီး
128,Kalaw Township,Shan State (South),Kalaw,Shan (South),Kalaw,MMR014005,MMR014,Shan (South),ကလော
129,Pyinmana Township,Naypyitaw,Pyinmana,Nay Pyi Taw,Pyinmana,MMR018006,MMR018,Nay Pyi Taw,ပျဉ်းမနား
130,Myebon Township,Rakhine State,Myebon,Rakhine,Myebon,MMR012006,MMR012,Rakhine,မြေပုံ
131,Wundwin Township,Mandalay Region,Wundwin,Mandalay,Wundwin,MMR010031,MMR010,Mandalay,ဝမ်းတွင်း
132,Myaing Township,Magway Region,Myaing,Magway,Myaing,MMR009020,MMR009,Magway,မြိုင်
133,Minbya Township,Rakhine State,Minbya,Rakhine,Minbya,MMR012005,MMR012,Rakhine,မင်းပြား
134,Yamethin Township,Mandalay Region,Yamethin,Mandalay,Yamethin,MMR010023,MMR010,Mandalay,ရမည်းသင်း
135,Yinmarbin Township,Sagaing Region,Yinmarbin,Sagaing,Yinmarbin,MMR005016,MMR005,Sagaing,ယင်းမာပင်
136,Pwintbyu Township,Magway Region,Pwintbyu,Magway,Pwintbyu,MMR009008,MMR009,Magway,ပွင့်ဖြူ
137,Kyaunggon Township,Ayeyarwady Region,Kyaunggon,Ayeyarwady,Kyaunggon,MMR017007,MMR017,Ayeyarwady,ကျောင်းကုန်း
138,Mudon Township,Mon State,Mudon,Mon,Mudon,MMR011005,MMR011,Mon,မုဒုံ
139,Hlaingbwe Township,Kayin State,Hlaingbwe,Kayin,Hlaingbwe,MMR003002,MMR003,Kayin,လှိုင်းဘွဲ့
140,Salingyi Township,Sagaing Region,Salingyi,Sagaing,Salingyi,MMR005018,MMR005,Sagaing,ဆားလင်းကြီး
141,Ngazun Township,Mandalay Region,Ngazun,Mandalay,Ngazun,MMR010021,MMR010,Mandalay,ငါန်းဇွန်
142,Kyaikmaraw Township,Mon State,Kyaikmaraw,Mon,Kyaikmaraw,MMR011002,MMR011,Mon,ကျိုက်မရော
143,Gangaw Township,Magway Region,Gangaw,Magway,Gangaw,MMR009023,MMR009,Magway,ဂန့်ဂေါ
144,Thayet Township,Magway Region,Thayet,Magway,Thayet,MMR009012,MMR009,Magway,သရက်
145,Kangyidaunt Township,Ayeyarwady Region,Kangyidaunt,Ayeyarwady,Kangyidaunt,MMR017002,MMR017,Ayeyarwady,ကန်ကြီးထောင့်
146,Muse Township,Shan State (North),Muse,Shan (North),Muse,MMR015009,MMR015,Shan (North),မူဆယ်
147,Thanbyuzayat Township,Mon State,Thanbyuzayat,Mon,Thanbyuzayat,MMR011004,MMR011,Mon,သံဖြူဇရပ်
148,Loikaw Township,Kayah State,Loikaw,Kayah,Loikaw,MMR002001,MMR002,Kayah,လွိုင်ကော်
149,Einme Township,Ayeyarwady Region,Einme,Ayeyarwady,Einme,MMR017015,MMR017,Ayeyarwady,အိမ်မဲ
150,Lemyethna Township,Ayeyarwady Region,Lemyethna,Ayeyarwady,Lemyethna,MMR017010,MMR017,Ayeyarwady,လေးမျက်နှာ
151,Ywangan Township,Shan State (South),Ywangan,Shan (South),Ywangan,MMR014007,MMR014,Shan (South),ရွာငံ
152,Chaungzon Township,Mon State,Chaungzon,Mon,Chaungzon,MMR011003,MMR011,Mon,ချောင်းဆုံ
153,Mogoke Township,Mandalay Region,Mogoke,Mandalay,Mogoke,MMR010011,MMR010,Mandalay,မိုးကုတ်
154,Seikphyu Township,Magway Region,Seikphyu,Magway,Seikphyu,MMR009022,MMR009,Magway,ဆိပ်ဖြူ
155,Taze Township,Sagaing Region,Taze,Sagaing,Taze,MMR005011,MMR005,Sagaing,တန့်ဆည်
156,Tatkon Township,Naypyitaw,Tatkon,Nay Pyi Taw,Tatkon,MMR018003,MMR018,Nay Pyi Taw,တပ်ကုန်း
157,Thabeikkyin Township,Mandalay Region,Thabeikkyin,Mandalay,Thabeikkyin,MMR010012,MMR010,Mandalay,သပိတ်ကျင်း
158,Mahlaing Township,Mandalay Region,Mahlaing,Mandalay,Mahlaing,MMR010029,MMR010,Mandalay,မလှိုင်
159,Lashio Township,Shan State (North),Lashio,Shan (North),Lashio,MMR015001,MMR015,Shan (North),လားရှိုး
160,Mohnyin Township,Kachin State,Mohnyin,Kachin,Mohnyin,MMR001007,MMR001,Kachin,မိုးညှင်း
161,Launglon Township,Tanintharyi Region,Launglon,Tanintharyi,Launglon,MMR006002,MMR006,Tanintharyi,လောင်းလုံး
162,Mindat Township,Chin State,Mindat,Chin,Mindat,MMR004006,MMR004,Chin,မင်းတပ်
163,Indaw Township,Sagaing Region,Indaw,Sagaing,Indaw,MMR005021,MMR005,Sagaing,အင်းတော်
164,Chaung-U Township,Sagaing Region,Chaung-U,Sagaing,Chaung-U,MMR005015,MMR005,Sagaing,ချောင်းဦး
165,Palaw Township,Tanintharyi Region,Palaw,Tanintharyi,Palaw,MMR006007,MMR006,Tanintharyi,ပုလော
166,Oke Ta Ra Thi Ri Township,Naypyitaw,Oke Ta Ra Thi Ri,Nay Pyi Taw,Oke Ta Ra Thi Ri,MMR018008,MMR018,Nay Pyi Taw,ဥတ္တရသီရိ
167,Zalun Township,Ayeyarwady Region,Zalun,Ayeyarwady,Zalun,MMR017009,MMR017,Ayeyarwady,ဇလွန်
168,Sinbaungwe Township,Magway Region,Sinbaungwe,Magway,Sinbaungwe,MMR009017,MMR009,Magway,ဆင်ပေါင်ဝဲ
169,Myanaung Township,Ayeyarwady Region,Myanaung,Ayeyarwady,Myanaung,MMR017011,MMR017,Ayeyarwady,မြန်အောင်
170,Gwa Township,Rakhine State,Gwa,Rakhine,Gwa,MMR012017,MMR012,Rakhine,ဂွ
171,Pantanaw Township,Ayeyarwady Region,Pantanaw,Ayeyarwady,Pantanaw,MMR017020,MMR017,Ayeyarwady,ပန်းတနော်
172,Kyangin Township,Ayeyarwady Region,Kyangin,Ayeyarwady,Kyangin,MMR017012,MMR017,Ayeyarwady,ကြံခင်း
173,Minhla Township,Magway Region,Minhla,Magway,Minhla,MMR009013,MMR009,Magway,မင်းလှ
174,Pale Township,Sagaing Region,Pale,Sagaing,Pale,MMR005019,MMR005,Sagaing,ပုလဲ
175,Kawlin Township,Sagaing Region,Kawlin,Sagaing,Kawlin,MMR005024,MMR005,Sagaing,ကောလင်း
176,Tabayin Township,Sagaing Region,Tabayin,Sagaing,Tabayin,MMR005010,MMR005,Sagaing,ဒီပဲယင်း
177,Yesagyo Township,Magway Region,Yesagyo,Magway,Yesagyo,MMR009019,MMR009,Magway,ရေစကြို
178,Det Khi Na Thi Ri Township,Naypyitaw,Det Khi Na Thi Ri,Nay Pyi Taw,Det Khi Na Thi Ri,MMR018004,MMR018,Nay Pyi Taw,ဒက္ခိဏသီရိ
179,Wetlet Township,Sagaing Region,Wetlet,Sagaing,Wetlet,MMR005006,MMR005,Sagaing,ဝက်လက်
180,Nawnghkio Township,Shan State (North),Nawnghkio,Shan (North),Nawnghkio,MMR015013,MMR015,Shan (North),နောင်ချို
181,Homalin Township,Sagaing Region,Homalin,Sagaing,Homalin,MMR005034,MMR005,Sagaing,ဟုမ္မလင်း
182,Ye-U Township,Sagaing Region,Ye-U,Sagaing,Ye-U,MMR005009,MMR005,Sagaing,ရေဦး
183,Kyaukme Township,Shan State (North),Kyaukme,Shan (North),Kyaukme,MMR015012,MMR015,Shan (North),ကျောက်မဲ
184,Pauk Township,Magway Region,Pauk,Magway,Pauk,MMR009021,MMR009,Magway,ပေါက်
185,Mingin Township,Sagaing Region,Mingin,Sagaing,Mingin,MMR005029,MMR005,Sagaing,မင်းကင်း
186,Lawksawk Township,Shan State (South),Lawksawk,Shan (South),Lawksawk,MMR014008,MMR014,Shan (South),ရပ်စောက်
187,Matupi Township,Chin State,Matupi,Chin,Matupi,MMR004007,MMR004,Chin,မတူပီ
188,Paletwa Township,Chin State,Paletwa,Chin,Paletwa,MMR004009,MMR004,Chin,ပလက်ဝ
189,Myinmu Township,Sagaing Region,Myinmu,Sagaing,Myinmu,MMR005002,MMR005,Sagaing,မြင်းမူ
190,Yebyu Township,Tanintharyi Region,Yebyu,Tanintharyi,Yebyu,MMR006004,MMR006,Tanintharyi,ရေဖြူ
191,Ramree Township,Rakhine State,Ramree,Rakhine,Ramree,MMR012013,MMR012,Rakhine,ရမ်းဗြဲ
192,Katha Township,Sagaing Region,Katha,Sagaing,Katha,MMR005020,MMR005,Sagaing,ကသာ
193,Kawthoung Township,Tanintharyi Region,Kawthoung,Tanintharyi,Kawthoung,MMR006009,MMR006,Tanintharyi,ကော့သောင်း
194,Budalin Township,Sagaing Region,Budalin,Sagaing,Budalin,MMR005013,MMR005,Sagaing,ဘုတလင်
195,Khin-U Township,Sagaing Region,Khin-U,Sagaing,Khin-U,MMR005005,MMR005,Sagaing,ခင်ဦး
196,Kani Township,Sagaing Region,Kani,Sagaing,Kani,MMR005017,MMR005,Sagaing,ကနီ
197,Falam Township,Chin State,Falam,Chin,Falam,MMR004001,MMR004,Chin,ဖလမ်း
198,Tonzang Township,Chin State,Tonzang,Chin,Tonzang,MMR004005,MMR004,Chin,တွန်းဇန်
199,Thabaung Township,Ayeyarwady Region,Thabaung,Ayeyarwady,Thabaung,MMR017003,MMR017,Ayeyarwady,သာပေါင်း
200,Hakha Township,Chin State,Hakha,Chin,Hakha,MMR004002,MMR004,Chin,ဟားခါး
201,Myaung Township,Sagaing Region,Myaung,Sagaing,Myaung,MMR005003,MMR005,Sagaing,မြောင်
202,Pinlaung Township,Shan State (South),Pinlaung,Shan (South),Pinlaung,MMR014009,MMR014,Shan (South),ပင်လောင်း
203,Kyunhla Township,Sagaing Region,Kyunhla,Sagaing,Kyunhla,MMR005008,MMR005,Sagaing,ကျွန်းလှ
204,Shwegu Township,Kachin State,Shwegu,Kachin,Shwegu,MMR001011,MMR001,Kachin,ရွှေကူ
205,Loilen Township,Shan State (South),Loilen,Shan (South),Loilen,MMR014011,MMR014,Shan (South),လွိုင်လင်
206,Bhamo Township,Kachin State,Bhamo,Kachin,Bhamo,MMR001010,MMR001,Kachin,ဗန်းမော်
207,Namhsan Township,Shan State (North),Namhsan,Shan (North),Namhsan,MMR015016,MMR015,Shan (North),နမ့်ဆန်
208,Singu Township,Mandalay Region,Singu,Mandalay,Singu,MMR010010,MMR010,Mandalay,စဉ့်ကူး
209,Kamma Township,Magway Region,Kamma,Magway,Kamma,MMR009015,MMR009,Magway,ကံမ
210,Kutkai Township,Shan State (North),Kutkai,Shan (North),Kutkai,MMR015011,MMR015,Shan (North),ကွတ်ခိုင်
211,Hsihseng Township,Shan State (South),Hsihseng,Shan (South),Hsihseng,MMR014004,MMR014,Shan (South),ဆီဆိုင်
212,Thayetchaung Township,Tanintharyi Region,Thayetchaung,Tanintharyi,Thayetchaung,MMR006003,MMR006,Tanintharyi,သရက်ချောင်း
213,Ngape Township,Magway Region,Ngape,Magway,Ngape,MMR009009,MMR009,Magway,ငဖဲ
214,Ayadaw Township,Sagaing Region,Ayadaw,Sagaing,Ayadaw,MMR005014,MMR005,Sagaing,အရာတော်
215,Mogaung Township,Kachin State,Mogaung,Kachin,Mogaung,MMR001008,MMR001,Kachin,မိုးကောင်း
216,Waingmaw Township,Kachin State,Waingmaw,Kachin,Waingmaw,MMR001002,MMR001,Kachin,ဝိုင်းမော်
217,Pindaya Township,Shan State (South),Pindaya,Shan (South),Pindaya,MMR014006,MMR014,Shan (South),ပင်းတယ
218,Kyunsu Township,Tanintharyi Region,Kyunsu,Tanintharyi,Kyunsu,MMR006006,MMR006,Tanintharyi,ကျွန်းစု
219,Hsipaw Township,Shan State (North),Hsipaw,Shan (North),Hsipaw,MMR015014,MMR015,Shan (North),သီပေါ
220,Kalewa Township,Sagaing Region,Kalewa,Sagaing,Kalewa,MMR005028,MMR005,Sagaing,ကလေးဝ
221,Kyainseikgyi Township,Kayin State,Kyainseikgyi,Kayin,Kyainseikgyi,MMR003007,MMR003,Kayin,ကြာအင်းဆိပ်ကြီး
222,Munaung Township,Rakhine State,Munaung,Rakhine,Munaung,MMR012012,MMR012,Rakhine,မာန်အောင်
223,Ngapudaw Township,Ayeyarwady Region,Ngapudaw,Ayeyarwady,Ngapudaw,MMR017004,MMR017,Ayeyarwady,ငပုတော
224,Saw Township,Magway Region,Saw,Magway,Saw,MMR009025,MMR009,Magway,ဆော
225,Mongyawng Township,Shan State (East),Mongyawng,Shan (East),Mongyawng,MMR016011,MMR016,Shan (East),မိုင်းယောင်း
226,Bokpyin Township,Tanintharyi Region,Bokpyin,Tanintharyi,Bokpyin,MMR006010,MMR006,Tanintharyi,ဘုတ်ပြင်း
227,Nyaungshwe Township,Shan State (South),Nyaungshwe,Shan (South),Nyaungshwe,MMR014002,MMR014,Shan (South),ညောင်ရွှေ
228,Mongmit Township,Shan State (North),Mongmit,Shan (North),Mongmit,MMR015017,MMR015,Shan (North),မိုးမိတ်
229,Thandaunggyi Township,Kayin State,Thandaunggyi,Kayin,Thandaunggyi,MMR003004,MMR003,Kayin,သံတောင်ကြီး
230,Hopong Township,Shan State (South),Hopong,Shan (South),Hopong,MMR014003,MMR014,Shan (South),ဟိုပုံး
231,Momauk Township,Kachin State,Momauk,Kachin,Momauk,MMR001012,MMR001,Kachin,မိုးမောက်
232,Wuntho Township,Sagaing Region,Wuntho,Sagaing,Wuntho,MMR005025,MMR005,Sagaing,ဝန်းသို
233,Sidoktaya Township,Magway Region,Sidoktaya,Magway,Sidoktaya,MMR009011,MMR009,Magway,စေတုတ္ထရာ
234,Tigyaing Township,Sagaing Region,Tigyaing,Sagaing,Tigyaing,MMR005022,MMR005,Sagaing,ထီးချိုင့်
235,Nansang Township,Shan State (South),Nansang,Shan (South),Nansang,MMR014013,MMR014,Shan (South),နမ့်စန်
236,Namtu Township,Shan State (North),Namtu,Shan (North),Namtu,MMR015015,MMR015,Shan (North),နမ္မတူ
237,Namhkan Township,Shan State (North),Namhkan,Shan (North),Namhkan,MMR015010,MMR015,Shan (North),နမ့်ခမ်း
238,Pekon Township,Shan State (South),Pekon,Shan (South),Pekon,MMR014010,MMR014,Shan (South),ဖယ်ခုံ
239,Kanpetlet Township,Chin State,Kanpetlet,Chin,Kanpetlet,MMR004008,MMR004,Chin,ကန်ပက်လက်
240,Tilin Township,Magway Region,Tilin,Magway,Tilin,MMR009024,MMR009,Magway,ထီးလင်း
241,Kengtung Township,Shan State (East),Kengtung,Shan (East),Kengtung,MMR016001,MMR016,Shan (East),ကျိုင်းတုံ
242,Mindon Township,Magway Region,Mindon,Magway,Mindon,MMR009014,MMR009,Magway,မင်းတုန်း
243,Mabein Township,Shan State (North),Mabein,Shan (North),Mabein,MMR015018,MMR015,Shan (North),မဘိမ်း
244,Monghpyak Township,Shan State (East),Monghpyak,Shan (East),Monghpyak,MMR016010,MMR016,Shan (East),မိုင်းဖြတ်
245,Thantlang Township,Chin State,Thantlang,Chin,Thantlang,MMR004003,MMR004,Chin,ထန်တလန်
246,Paungbyin Township,Sagaing Region,Paungbyin,Sagaing,Paungbyin,MMR005032,MMR005,Sagaing,ဖောင်းပြင်
247,Mongton Township,Shan State (East),Mongton,Shan (East),Mongton,MMR016008,MMR016,Shan (East),မိုင်းတုံ
248,Mongping Township,Shan State (East),Mongping,Shan (East),Mongping,MMR016007,MMR016,Shan (East),မိုင်းပျဉ်း
249,Tangyan Township,Shan State (North),Tangyan,Shan (North),Tangyan,MMR015004,MMR015,Shan (North),တန့်ယန်း
250,Hkamti Township,Sagaing Region,Hkamti,Sagaing,Hkamti,MMR005033,MMR005,Sagaing,ခန္တီး
251,Demoso Township,Kayah State,Demoso,Kayah,Demoso,MMR002002,MMR002,Kayah,ဒီးမော့ဆို
252,Mongnai Township,Shan State (South),Mongnai,Shan (South),Mongnai,MMR014019,MMR014,Shan (South),မိုးနဲ
253,Nanyun Township,Sagaing Region,Nanyun,Sagaing,Nanyun,MMR005037,MMR005,Sagaing,နန်းယွန်း
254,Hpapun Township,Kayin State,Hpapun,Kayin,Hpapun,MMR003003,MMR003,Kayin,ဖာပွန်
255,Monghsat Township,Shan State (East),Monghsat,Shan (East),Monghsat,MMR016006,MMR016,Shan (East),မိုင်းဆတ်
256,Monghsu Township,Shan State (South),Monghsu,Shan (South),Monghsu,MMR014017,MMR014,Shan (South),မိုင်းရှူး
257,Puta-O Township,Kachin State,Puta-O,Kachin,Puta-O,MMR001014,MMR001,Kachin,ပူတာအို
258,Langkho Township,Shan State (South),Langkho,Shan (South),Langkho,MMR014018,MMR014,Shan (South),လင်းခေး
259,Bago Township,Bago Region,Bago,Bago,Bago,MMR007001,MMR007,Bago (East),ပဲခူး
260,Thayarwady Township,Bago Region,Thayarwady,Bago,Thayarwady,MMR008007,MMR008,Bago (West),သာယာဝတီ
261,Phyu Township,Bago Region,Phyu,Bago,Phyu,MMR007012,MMR007,Bago (East),ဖြူး
262,Letpadan Township,Bago Region,Letpadan,Bago,Letpadan,MMR008008,MMR008,Bago (West),လက်ပံတန်း
263,Waw Township,Bago Region,Waw,Bago,Waw,MMR007004,MMR007,Bago (East),ဝေါ
264,Kawa Township,Bago Region,Kawa,Bago,Kawa,MMR007003,MMR007,Bago (East),ကဝ
265,Kyauktaga Township,Bago Region,Kyauktaga,Bago,Kyauktaga,MMR007006,MMR007,Bago (East),ကျောက်တံခါး
266,Nyaunglebin Township,Bago Region,Nyaunglebin,Bago,Nyaunglebin,MMR007005,MMR007,Bago (East),ညောင်လေးပင်
267,Minhla Township,Bago Region,Minhla,Bago,Minhla,MMR008009,MMR008,Bago (West),မင်းလှ
268,Pyay Township,Bago Region,Pyay,Bago,Pyay,MMR008001,MMR008,Bago (West),ပြည်
269,Daik-U Township,Bago Region,Daik-U,Bago,Daik-U,MMR007007,MMR007,Bago (East),ဒိုက်ဦး
270,Okpho Township,Bago Region,Okpho,Bago,Okpho,MMR008010,MMR008,Bago (West),အုတ်ဖို
271,Thanatpin Township,Bago Region,Thanatpin,Bago,Thanatpin,MMR007002,MMR007,Bago (East),သနပ်ပင်
272,Taungoo Township,Bago Region,Taungoo,Bago,Taungoo,MMR007009,MMR007,Bago (East),တောင်ငူ
273,Shwedaung Township,Bago Region,Shwedaung,Bago,Shwedaung,MMR008006,MMR008,Bago (West),ရွှေတောင်
274,Yedashe Township,Bago Region,Yedashe,Bago,Yedashe,MMR007010,MMR007,Bago (East),ရေတာရှည်
275,Nattalin Township,Bago Region,Nattalin,Bago,Nattalin,MMR008012,MMR008,Bago (West),နတ်တလင်း
276,Gyobingauk Township,Bago Region,Gyobingauk,Bago,Gyobingauk,MMR008014,MMR008,Bago (West),ကြို့ပင်ကောက်
277,Paungde Township,Bago Region,Paungde,Bago,Paungde,MMR008004,MMR008,Bago (West),ပေါင်းတည်
278,Monyo Township,Bago Region,Monyo,Bago,Monyo,MMR008013,MMR008,Bago (West),မိုးညို
279,Oktwin Township,Bago Region,Oktwin,Bago,Oktwin,MMR007013,MMR007,Bago (East),အုတ်တွင်း
280,Padaung Township,Bago Region,Padaung,Bago,Padaung,MMR008003,MMR008,Bago (West),ပန်းတောင်း
281,Thegon Township,Bago Region,Thegon,Bago,Thegon,MMR008005,MMR008,Bago (West),သဲကုန်း
282,Zigon Township,Bago Region,Zigon,Bago,Zigon,MMR008011,MMR008,Bago (West),ဇီးကုန်း
283,Shwegyin Township,Bago Region,Shwegyin,Bago,Shwegyin,MMR007008,MMR007,Bago (East),ရွှေကျင်
284,Paukkhaung Township,Bago Region,Paukkhaung,Bago,Paukkhaung,MMR008002,MMR008,Bago (West),ပေါက်ခေါင်း
285,Htantabin Township,Bago Region,Htantabin,Bago,Htantabin,MMR007014,MMR007,Bago (East),ထန်းတပင်
286,Kyaukkyi Township,Bago Region,Kyaukkyi,Bago,Kyaukkyi,MMR007011,MMR007,Bago (East),ကျောက်ကြီး
